"0","0","0","491.25"
"1","0","1","271.11"
"2","0","2","433.81"
"3","0","3","105.79"
"4","0","4","143.02"
"5","0","5","310.78"
"6","0","6","37.78"
"7","0","7","218.93"
"8","0","8","43.89"
"9","0","9","17.49"
"10","0","10","449.50"
"11","0","11","266.99"
"12","0","12","480.52"
"13","0","13","183.81"
"14","0","14","375.78"
"15","0","15","337.02"
"16","0","16","31.42"
"17","0","17","26.52"
"18","0","18","304.07"
"19","0","19","306.62"
"20","0","20","447.76"
"21","0","21","296.62"
"22","0","22","258.60"
"23","0","23","99.38"
"24","0","24","320.12"
"25","0","25","81.06"
"26","0","26","23.82"
"27","0","27","42.62"
"28","0","28","222.21"
"29","0","29","6.56"
"30","0","30","211.70"
"31","0","31","237.84"
"32","0","32","219.22"
"33","0","33","37.60"
"34","0","34","384.82"
"35","0","35","323.49"
"36","0","36","348.00"
"37","0","37","404.22"
"38","0","38","414.03"
"39","0","39","109.65"
"40","0","40","38.49"
"41","0","41","435.27"
"42","0","42","80.40"
"43","0","43","29.59"
"44","0","44","280.93"
"45","0","45","339.43"
"46","0","46","310.97"
"47","0","47","322.50"
"48","0","48","362.06"
"49","0","49","176.12"
"50","0","50","472.51"
"51","0","51","180.82"
"52","0","52","499.58"
"53","0","53","48.49"
"54","0","54","480.77"
"55","0","55","51.81"
"56","0","56","353.00"
"57","0","57","332.14"
"58","0","58","331.77"
"59","0","59","65.22"
"60","0","60","230.58"
"61","0","61","315.20"
"62","0","62","329.16"
"63","0","63","452.68"
"64","0","64","100.28"
"65","0","65","478.55"
"66","0","66","205.56"
"67","0","67","363.81"
"68","0","68","471.90"
"69","0","69","176.40"
"70","0","70","425.75"
"71","0","71","389.14"
"72","0","72","393.30"
"73","0","73","182.64"
"74","0","74","360.48"
"75","0","75","7.31"
"76","0","76","434.36"
"77","0","77","54.86"
"78","0","78","380.39"
"79","0","79","130.70"
"80","0","80","352.20"
"81","0","81","370.56"
"82","0","82","290.53"
"83","0","83","320.81"
"84","0","84","116.80"
"85","0","85","325.22"
"86","0","86","88.58"
"87","0","87","38.88"
"88","0","88","370.50"
"89","0","89","319.40"
"90","0","90","61.29"
"91","0","91","120.12"
"92","0","92","482.23"
"93","0","93","336.78"
"94","0","94","205.22"
"95","0","95","322.86"
"96","0","96","61.37"
"97","0","97","68.60"
"98","0","98","388.27"
"99","0","99","358.24"
"100","0","100","487.68"
"101","0","101","117.70"
"102","0","102","335.25"
"103","0","103","98.33"
"104","0","104","397.85"
"105","0","105","320.65"
"106","0","106","84.61"
"107","0","107","173.78"
"108","0","108","62.53"
"109","0","109","433.80"
"110","0","110","342.77"
"111","0","111","243.51"
"112","0","112","305.03"
"113","0","113","196.53"
"114","0","114","387.04"
"115","0","115","484.87"
"116","0","116","360.02"
"117","0","117","246.86"
"118","0","118","280.55"
"119","0","119","261.84"
"120","0","120","499.71"
"121","0","121","265.94"
"122","0","122","164.67"
"123","0","123","242.47"
"124","0","124","156.10"
"125","0","125","92.10"
"126","0","126","247.13"
"127","0","127","460.35"
"128","0","128","428.74"
"129","0","129","354.68"
"130","0","130","484.89"
"131","0","131","475.54"
"132","0","132","473.59"
"133","0","133","263.90"
"134","0","134","61.22"
"135","0","135","424.42"
"136","0","136","364.13"
"137","0","137","197.39"
"138","0","138","488.14"
"139","0","139","82.28"
"140","0","140","391.58"
"141","0","141","236.04"
"142","0","142","343.70"
"143","0","143","321.88"
"144","0","144","387.70"
"145","0","145","481.08"
"146","0","146","109.60"
"147","0","147","299.03"
"148","0","148","70.80"
"149","0","149","334.37"
"150","0","150","366.19"
"151","0","151","442.20"
"152","0","152","180.99"
"153","0","153","476.66"
"154","0","154","256.32"
"155","0","155","309.68"
"156","0","156","259.16"
"157","0","157","488.51"
"158","0","158","454.59"
"159","0","159","90.14"
"160","0","160","87.80"
"161","0","161","194.37"
"162","0","162","387.77"
"163","0","163","262.09"
"164","0","164","132.11"
"165","0","165","308.73"
"166","0","166","111.17"
"167","0","167","242.72"
"168","0","168","199.66"
"169","0","169","342.16"
"170","0","170","210.43"
"171","0","171","333.63"
"172","0","172","17.79"
"173","0","173","282.65"
"174","0","174","391.89"
"175","0","175","50.48"
"176","0","176","368.49"
"177","0","177","151.15"
"178","0","178","153.44"
"179","0","179","483.77"
"180","0","180","419.17"
"181","0","181","41.22"
"182","0","182","90.04"
"183","0","183","140.94"
"184","0","184","466.25"
"185","0","185","80.93"
"186","0","186","481.65"
"187","0","187","321.53"
"188","0","188","110.20"
"189","0","189","200.94"
"190","0","190","98.29"
"191","0","191","413.84"
"192","0","192","266.73"
"193","0","193","264.88"
"194","0","194","200.13"
"195","0","195","10.80"
"196","0","196","433.18"
"197","0","197","1.23"
"198","0","198","79.60"
"199","0","199","394.66"
"200","0","200","131.64"
"201","0","201","2.35"
"202","0","202","325.90"
"203","0","203","77.38"
"204","0","204","366.53"
"205","0","205","244.19"
"206","0","206","234.41"
"207","0","207","290.64"
"208","0","208","207.39"
"209","0","209","360.41"
"210","0","210","205.18"
"211","0","211","239.57"
"212","0","212","27.28"
"213","0","213","112.77"
"214","0","214","88.37"
"215","0","215","193.43"
"216","0","216","102.21"
"217","0","217","262.48"
"218","0","218","482.07"
"219","0","219","468.51"
"220","0","220","262.57"
"221","0","221","277.87"
"222","0","222","285.47"
"223","0","223","259.90"
"224","0","224","100.47"
"225","0","225","268.08"
"226","0","226","485.67"
"227","0","227","328.48"
"228","0","228","398.94"
"229","0","229","84.90"
"230","0","230","92.49"
"231","0","231","6.33"
"232","0","232","89.20"
"233","0","233","193.67"
"234","0","234","494.61"
"235","0","235","84.36"
"236","0","236","90.34"
"237","0","237","76.96"
"238","0","238","6.33"
"239","0","239","75.27"
"240","0","240","277.29"
"241","0","241","310.81"
"242","0","242","95.42"
"243","0","243","229.50"
"244","0","244","386.55"
"245","0","245","302.20"
"246","0","246","176.45"
"247","0","247","491.27"
"248","0","248","486.33"
"249","0","249","462.11"
"250","0","250","215.30"
"251","0","251","403.26"
"252","0","252","456.69"
"253","0","253","120.53"
"254","0","254","439.60"
"255","0","255","356.34"
"256","0","256","155.53"
"257","0","257","106.43"
"258","0","258","462.13"
"259","0","259","209.63"
"260","0","260","162.71"
"261","0","261","344.75"
"262","0","262","325.56"
"263","0","263","53.94"
"264","0","264","252.04"
"265","0","265","275.39"
"266","0","266","166.01"
"267","0","267","314.73"
"268","0","268","42.30"
"269","0","269","116.84"
"270","0","270","152.42"
"271","0","271","317.49"
"272","0","272","409.79"
"273","0","273","282.17"
"274","0","274","176.63"
"275","0","275","232.69"
"276","0","276","291.48"
"277","0","277","286.08"
"278","0","278","166.48"
"279","0","279","201.31"
"280","0","280","299.25"
"281","0","281","106.09"
"282","0","282","262.58"
"283","0","283","474.06"
"284","0","284","382.61"
"285","0","285","368.96"
"286","0","286","172.98"
"287","0","287","164.70"
"288","0","288","280.09"
"289","0","289","296.13"
"290","0","290","408.91"
"291","0","291","345.07"
"292","0","292","260.97"
"293","0","293","60.53"
"294","0","294","264.26"
"295","0","295","431.68"
"296","0","296","315.26"
"297","0","297","73.95"
"298","0","298","161.95"
"299","0","299","385.06"
"300","0","300","71.74"
"301","0","301","310.68"
"302","0","302","116.71"
"303","0","303","344.96"
"304","0","304","52.69"
"305","0","305","469.20"
"306","0","306","181.92"
"307","0","307","240.56"
"308","0","308","179.56"
"309","0","309","401.77"
"310","0","310","198.21"
"311","0","311","422.62"
"312","0","312","9.61"
"313","0","313","184.28"
"314","0","314","445.14"
"315","0","315","123.63"
"316","0","316","88.55"
"317","0","317","115.95"
"318","0","318","330.45"
"319","0","319","375.21"
"320","0","320","146.89"
"321","0","321","231.14"
"322","0","322","174.83"
"323","0","323","156.36"
"324","0","324","277.84"
"325","0","325","275.00"
"326","0","326","318.75"
"327","0","327","457.75"
"328","0","328","485.53"
"329","0","329","225.58"
"330","0","330","197.93"
"331","0","331","276.81"
"332","0","332","23.22"
"333","0","333","209.03"
"334","0","334","311.51"
"335","0","335","278.17"
"336","0","336","328.11"
"337","0","337","396.49"
"338","0","338","290.19"
"339","0","339","280.42"
"340","0","340","436.59"
"341","0","341","237.68"
"342","0","342","184.57"
"343","0","343","114.35"
"344","0","344","479.92"
"345","0","345","100.58"
"346","0","346","459.69"
"347","0","347","58.69"
"348","0","348","79.13"
"349","0","349","269.65"
"350","0","350","257.60"
"351","0","351","47.42"
"352","0","352","183.33"
"353","0","353","406.53"
"354","0","354","316.35"
"355","0","355","122.75"
"356","0","356","454.00"
"357","0","357","337.92"
"358","0","358","82.20"
"359","0","359","448.92"
"360","0","360","500.26"
"361","0","361","5.25"
"362","0","362","177.54"
"363","0","363","6.64"
"364","0","364","80.60"
"365","0","365","2.47"
"366","0","366","250.39"
"367","0","367","53.22"
"368","0","368","370.72"
"369","0","369","172.11"
"370","0","370","469.21"
"371","0","371","297.22"
"372","0","372","347.50"
"373","0","373","267.99"
"374","0","374","299.65"
"375","0","375","138.92"
"376","0","376","425.34"
"377","0","377","396.96"
"378","0","378","43.85"
"379","0","379","315.80"
"380","0","380","146.93"
"381","0","381","79.38"
"382","0","382","96.79"
"383","0","383","356.40"
"384","0","384","395.22"
"385","0","385","215.85"
"386","0","386","14.04"
"387","0","387","67.34"
"388","0","388","72.13"
"389","0","389","270.12"
"390","0","390","445.85"
"391","0","391","262.92"
"392","0","392","278.87"
"393","0","393","263.69"
"394","0","394","315.56"
"395","0","395","182.14"
"396","0","396","365.77"
"397","0","397","148.45"
"398","0","398","408.48"
"399","0","399","65.84"
"400","0","400","44.77"
"401","0","401","229.37"
"402","0","402","68.44"
"403","0","403","348.13"
"404","0","404","305.51"
"405","0","405","218.39"
"406","0","406","479.97"
"407","0","407","489.98"
"408","0","408","10.71"
"409","0","409","79.44"
"410","0","410","485.39"
"411","0","411","385.82"
"412","0","412","116.92"
"413","0","413","87.91"
"414","0","414","452.40"
"415","0","415","336.66"
"416","0","416","397.39"
"417","0","417","255.40"
"418","0","418","72.01"
"419","0","419","130.27"
"420","0","420","349.81"
"421","0","421","199.22"
"422","0","422","194.85"
"423","0","423","361.99"
"424","0","424","415.39"
"425","0","425","438.62"
"426","0","426","186.22"
"427","0","427","164.37"
"428","0","428","429.26"
"429","0","429","395.57"
"430","0","430","96.19"
"431","0","431","396.81"
"432","0","432","257.23"
"433","0","433","340.63"
"434","0","434","363.31"
"435","0","435","211.12"
"436","0","436","132.65"
"437","0","437","361.00"
"438","0","438","374.84"
"439","0","439","92.99"
"440","0","440","246.16"
"441","0","441","246.45"
"442","0","442","197.59"
"443","0","443","159.75"
"444","0","444","250.83"
"445","0","445","246.62"
"446","0","446","33.68"
"447","0","447","366.32"
"448","0","448","331.74"
"449","0","449","347.68"
"450","0","450","21.08"
"451","0","451","337.96"
"452","0","452","454.11"
"453","0","453","365.01"
"454","0","454","378.41"
"455","0","455","420.89"
"456","0","456","462.11"
"457","0","457","192.83"
"458","0","458","331.21"
"459","0","459","486.77"
"460","0","460","0.74"
"461","0","461","92.07"
"462","0","462","221.43"
"463","0","463","308.91"
"464","0","464","404.10"
"465","0","465","256.81"
"466","0","466","288.28"
"467","0","467","104.33"
"468","0","468","134.60"
"469","0","469","136.63"
"470","0","470","43.17"
"471","0","471","166.72"
"472","0","472","320.72"
"473","0","473","90.73"
"474","0","474","73.35"
"475","0","475","247.22"
"476","0","476","68.50"
"477","0","477","407.49"
"478","0","478","12.89"
"479","0","479","147.56"
"480","0","480","155.43"
"481","0","481","34.96"
"482","0","482","249.84"
"483","0","483","48.09"
"484","0","484","457.27"
"485","0","485","344.99"
"486","0","486","463.06"
"487","0","487","30.11"
"488","0","488","162.03"
"489","0","489","378.34"
"490","0","490","491.16"
"491","0","491","108.16"
"492","0","492","367.36"
"493","0","493","306.82"
"494","0","494","271.71"
"495","0","495","410.80"
"496","0","496","228.16"
"497","0","497","389.44"
"498","0","498","241.87"
"499","0","499","201.92"
"500","0","500","104.04"
"501","0","501","261.97"
"502","0","502","446.33"
"503","0","503","465.22"
"504","0","504","224.64"
"505","0","505","143.40"
"506","0","506","31.34"
"507","0","507","495.12"
"508","0","508","88.87"
"509","0","509","485.73"
"510","0","510","490.49"
"511","0","511","14.36"
"512","0","512","470.69"
"513","0","513","142.87"
"514","0","514","325.39"
"515","0","515","312.12"
"516","0","516","427.59"
"517","0","517","262.53"
"518","0","518","454.38"
"519","0","519","46.24"
"520","0","520","245.71"
"521","0","521","34.06"
"522","0","522","68.01"
"523","0","523","304.75"
"524","0","524","25.33"
"525","0","525","251.71"
"526","0","526","362.68"
"527","0","527","208.08"
"528","0","528","360.63"
"529","0","529","295.54"
"530","0","530","205.70"
"531","0","531","452.86"
"532","0","532","403.48"
"533","0","533","304.46"
"534","0","534","168.05"
"535","0","535","388.57"
"536","0","536","407.74"
"537","0","537","71.16"
"538","0","538","383.38"
"539","0","539","251.08"
"540","0","540","60.63"
"541","0","541","401.99"
"542","0","542","403.06"
"543","0","543","142.40"
"544","0","544","309.88"
"545","0","545","120.99"
"546","0","546","23.72"
"547","0","547","400.00"
"548","0","548","250.83"
"549","0","549","15.37"
"550","0","550","225.79"
"551","0","551","409.56"
"552","0","552","280.89"
"553","0","553","405.90"
"554","0","554","204.13"
"555","0","555","3.03"
"556","0","556","259.02"
"557","0","557","72.58"
"558","0","558","398.69"
"559","0","559","426.46"
"560","0","560","337.26"
"561","0","561","47.65"
"562","0","562","139.55"
"563","0","563","183.95"
"564","0","564","175.99"
"565","0","565","74.55"
"566","0","566","1.75"
"567","0","567","395.01"
"568","0","568","277.43"
"569","0","569","259.68"
"570","0","570","265.79"
"571","0","571","33.18"
"572","0","572","314.93"
"573","0","573","3.35"
"574","0","574","353.29"
"575","0","575","145.73"
"576","0","576","239.32"
"577","0","577","119.79"
"578","0","578","235.17"
"579","0","579","333.77"
"580","0","580","321.69"
"581","0","581","307.20"
"582","0","582","461.07"
"583","0","583","308.30"
"584","0","584","405.25"
"585","0","585","142.47"
"586","0","586","352.45"
"587","0","587","242.47"
"588","0","588","461.24"
"589","0","589","321.34"
"590","0","590","290.46"
"591","0","591","155.18"
"592","0","592","246.36"
"593","0","593","156.16"
"594","0","594","232.53"
"595","0","595","33.60"
"596","0","596","254.53"
"597","0","597","82.55"
"598","0","598","253.72"
"599","0","599","234.76"
"600","0","600","274.19"
"601","0","601","391.46"
"602","0","602","384.01"
"603","0","603","341.07"
"604","0","604","451.92"
"605","0","605","50.29"
"606","0","606","318.51"
"607","0","607","347.16"
"608","0","608","494.52"
"609","0","609","8.38"
"610","0","610","159.70"
"611","0","611","82.44"
"612","0","612","156.97"
"613","0","613","132.43"
"614","0","614","138.82"
"615","0","615","283.37"
"616","0","616","206.23"
"617","0","617","314.04"
"618","0","618","68.65"
"619","0","619","225.47"
"620","0","620","269.92"
"621","0","621","489.38"
"622","0","622","262.18"
"623","0","623","36.47"
"624","0","624","444.05"
"625","0","625","210.55"
"626","0","626","262.81"
"627","0","627","25.27"
"628","0","628","192.50"
"629","0","629","441.25"
"630","0","630","458.93"
"631","0","631","128.79"
"632","0","632","318.56"
"633","0","633","53.90"
"634","0","634","3.22"
"635","0","635","97.82"
"636","0","636","320.68"
"637","0","637","92.89"
"638","0","638","450.83"
"639","0","639","48.66"
"640","0","640","122.09"
"641","0","641","383.14"
"642","0","642","77.48"
"643","0","643","253.14"
"644","0","644","110.30"
"645","0","645","12.02"
"646","0","646","382.37"
"647","0","647","464.19"
"648","0","648","98.45"
"649","0","649","82.90"
"650","0","650","424.08"
"651","0","651","467.83"
"652","0","652","339.10"
"653","0","653","23.49"
"654","0","654","390.77"
"655","0","655","60.27"
"656","0","656","94.03"
"657","0","657","108.25"
"658","0","658","487.35"
"659","0","659","408.44"
"660","0","660","344.62"
"661","0","661","25.24"
"662","0","662","438.35"
"663","0","663","497.98"
"664","0","664","71.27"
"665","0","665","396.74"
"666","0","666","310.47"
"667","0","667","7.26"
"668","0","668","478.77"
"669","0","669","93.62"
"670","0","670","465.42"
"671","0","671","332.80"
"672","0","672","369.98"
"673","0","673","184.41"
"674","0","674","500.10"
"675","0","675","253.46"
"676","0","676","320.36"
"677","0","677","444.68"
"678","0","678","112.89"
"679","0","679","38.15"
"680","0","680","370.19"
"681","0","681","10.88"
"682","0","682","83.60"
"683","0","683","242.04"
"684","0","684","446.79"
"685","0","685","457.31"
"686","0","686","96.94"
"687","0","687","354.43"
"688","0","688","136.65"
"689","0","689","281.47"
"690","0","690","98.85"
"691","0","691","123.17"
"692","0","692","288.65"
"693","0","693","345.11"
"694","0","694","133.49"
"695","0","695","222.78"
"696","0","696","184.98"
"697","0","697","373.37"
"698","0","698","105.26"
"699","0","699","306.71"
"700","0","700","180.48"
"701","0","701","0.17"
"702","0","702","261.13"
"703","0","703","229.08"
"704","0","704","379.77"
"705","0","705","264.34"
"706","0","706","342.91"
"707","0","707","255.38"
"708","0","708","341.75"
"709","0","709","167.59"
"710","0","710","182.88"
"711","0","711","84.24"
"712","0","712","386.42"
"713","0","713","413.69"
"714","0","714","475.34"
"715","0","715","198.78"
"716","0","716","257.53"
"717","0","717","319.46"
"718","0","718","39.25"
"719","0","719","27.61"
"720","0","720","465.73"
"721","0","721","260.61"
"722","0","722","174.37"
"723","0","723","363.63"
"724","0","724","46.86"
"725","0","725","113.40"
"726","0","726","51.11"
"727","0","727","391.68"
"728","0","728","230.84"
"729","0","729","168.74"
"730","0","730","157.30"
"731","0","731","490.96"
"732","0","732","52.15"
"733","0","733","74.55"
"734","0","734","29.40"
"735","0","735","462.92"
"736","0","736","78.67"
"737","0","737","360.32"
"738","0","738","405.70"
"739","0","739","169.39"
"740","0","740","376.43"
"741","0","741","446.48"
"742","0","742","20.92"
"743","0","743","166.63"
"744","0","744","438.99"
"745","0","745","95.59"
"746","0","746","318.07"
"747","0","747","294.97"
"748","0","748","283.12"
"749","0","749","464.27"
"750","0","750","216.51"
"751","0","751","310.01"
"752","0","752","118.35"
"753","0","753","36.05"
"754","0","754","375.42"
"755","0","755","55.73"
"756","0","756","89.68"
"757","0","757","353.51"
"758","0","758","23.37"
"759","0","759","331.09"
"760","0","760","440.84"
"761","0","761","348.28"
"762","0","762","498.24"
"763","0","763","170.53"
"764","0","764","499.33"
"765","0","765","228.03"
"766","0","766","224.64"
"767","0","767","435.14"
"768","0","768","294.82"
"769","0","769","83.64"
"770","0","770","338.38"
"771","0","771","322.60"
"772","0","772","214.05"
"773","0","773","31.77"
"774","0","774","256.68"
"775","0","775","441.60"
"776","0","776","273.83"
"777","0","777","164.61"
"778","0","778","192.91"
"779","0","779","196.93"
"780","0","780","293.29"
"781","0","781","259.66"
"782","0","782","183.12"
"783","0","783","309.64"
"784","0","784","299.02"
"785","0","785","354.74"
"786","0","786","60.28"
"787","0","787","352.05"
"788","0","788","166.49"
"789","0","789","416.35"
"790","0","790","314.81"
"791","0","791","158.19"
"792","0","792","358.28"
"793","0","793","157.26"
"794","0","794","152.68"
"795","0","795","150.54"
"796","0","796","170.64"
"797","0","797","366.55"
"798","0","798","231.90"
"799","0","799","340.32"
"800","0","800","61.57"
"801","0","801","219.68"
"802","0","802","301.78"
"803","0","803","241.59"
"804","0","804","40.89"
"805","0","805","405.61"
"806","0","806","133.91"
"807","0","807","246.04"
"808","0","808","249.94"
"809","0","809","275.79"
"810","0","810","118.36"
"811","0","811","181.28"
"812","0","812","485.83"
"813","0","813","20.01"
"814","0","814","394.14"
"815","0","815","427.50"
"816","0","816","91.96"
"817","0","817","440.49"
"818","0","818","75.83"
"819","0","819","12.34"
"820","0","820","201.83"
"821","0","821","23.92"
"822","0","822","178.05"
"823","0","823","244.28"
"824","0","824","101.40"
"825","0","825","150.25"
"826","0","826","386.28"
"827","0","827","81.52"
"828","0","828","228.45"
"829","0","829","257.23"
"830","0","830","85.19"
"831","0","831","198.16"
"832","0","832","434.14"
"833","0","833","4.45"
"834","0","834","190.13"
"835","0","835","337.90"
"836","0","836","330.94"
"837","0","837","478.18"
"838","0","838","498.57"
"839","0","839","392.15"
"840","0","840","306.35"
"841","0","841","56.89"
"842","0","842","486.30"
"843","0","843","39.67"
"844","0","844","316.97"
"845","0","845","119.00"
"846","0","846","320.95"
"847","0","847","443.59"
"848","0","848","367.01"
"849","0","849","86.64"
"850","0","850","323.06"
"851","0","851","442.96"
"852","0","852","32.84"
"853","0","853","437.67"
"854","0","854","59.28"
"855","0","855","159.74"
"856","0","856","440.27"
"857","0","857","192.57"
"858","0","858","204.19"
"859","0","859","131.18"
"860","0","860","120.84"
"861","0","861","95.03"
"862","0","862","57.14"
"863","0","863","98.54"
"864","0","864","206.38"
"865","0","865","72.84"
"866","0","866","110.43"
"867","0","867","175.50"
"868","0","868","1.48"
"869","0","869","154.94"
"870","0","870","315.63"
"871","0","871","50.56"
"872","0","872","61.57"
"873","0","873","209.61"
"874","0","874","486.00"
"875","0","875","104.72"
"876","0","876","106.55"
"877","0","877","384.95"
"878","0","878","472.67"
"879","0","879","305.79"
"880","0","880","410.20"
"881","0","881","151.47"
"882","0","882","420.01"
"883","0","883","341.61"
"884","0","884","184.74"
"885","0","885","75.71"
"886","0","886","222.82"
"887","0","887","26.66"
"888","0","888","31.90"
"889","0","889","66.96"
"890","0","890","474.41"
"891","0","891","285.81"
"892","0","892","173.36"
"893","0","893","128.10"
"894","0","894","402.44"
"895","0","895","146.05"
"896","0","896","154.16"
"897","0","897","37.90"
"898","0","898","233.71"
"899","0","899","354.08"
"900","0","900","181.93"
"901","0","901","21.26"
"902","0","902","22.75"
"903","0","903","52.13"
"904","0","904","444.46"
"905","0","905","10.33"
"906","0","906","23.30"
"907","0","907","458.81"
"908","0","908","145.60"
"909","0","909","98.63"
"910","0","910","102.74"
"911","0","911","478.10"
"912","0","912","219.24"
"913","0","913","283.26"
"914","0","914","70.46"
"915","0","915","129.60"
"916","0","916","434.57"
"917","0","917","84.71"
"918","0","918","114.48"
"919","0","919","17.94"
"920","0","920","47.42"
"921","0","921","111.64"
"922","0","922","284.36"
"923","0","923","78.12"
"924","0","924","488.75"
"925","0","925","222.38"
"926","0","926","74.64"
"927","0","927","110.20"
"928","0","928","53.65"
"929","0","929","4.02"
"930","0","930","1.33"
"931","0","931","87.73"
"932","0","932","250.04"
"933","0","933","13.77"
"934","0","934","162.92"
"935","0","935","234.39"
"936","0","936","178.78"
"937","0","937","126.09"
"938","0","938","62.75"
"939","0","939","306.33"
"940","0","940","396.83"
"941","0","941","338.37"
"942","0","942","96.32"
"943","0","943","293.48"
"944","0","944","265.83"
"945","0","945","346.18"
"946","0","946","6.13"
"947","0","947","129.17"
"948","0","948","434.76"
"949","0","949","204.82"
"950","0","950","164.94"
"951","0","951","341.25"
"952","0","952","187.66"
"953","0","953","72.15"
"954","0","954","470.45"
"955","0","955","114.39"
"956","0","956","5.30"
"957","0","957","212.72"
"958","0","958","60.75"
"959","0","959","220.64"
"960","0","960","15.50"
"961","0","961","87.56"
"962","0","962","442.25"
"963","0","963","318.53"
"964","0","964","108.10"
"965","0","965","24.34"
"966","0","966","155.42"
"967","0","967","198.71"
"968","0","968","40.21"
"969","0","969","316.71"
"970","0","970","469.15"
"971","0","971","409.30"
"972","0","972","387.40"
"973","0","973","93.91"
"974","0","974","375.43"
"975","0","975","214.31"
"976","0","976","78.72"
"977","0","977","126.04"
"978","0","978","289.91"
"979","0","979","45.95"
"980","0","980","382.61"
"981","0","981","65.51"
"982","0","982","220.95"
"983","0","983","457.05"
"984","0","984","59.86"
"985","0","985","83.26"
"986","0","986","113.51"
"987","0","987","402.38"
"988","0","988","160.10"
"989","0","989","187.52"
"990","0","990","307.96"
"991","0","991","473.02"
"992","0","992","62.05"
"993","0","993","195.29"
"994","0","994","467.01"
"995","0","995","8.37"
"996","0","996","352.75"
"997","0","997","96.49"
"998","0","998","468.22"
"999","0","999","73.32"
"1000","0","1000","313.24"
"1001","0","1001","494.85"
"1002","0","1002","405.48"
"1003","0","1003","185.79"
"1004","0","1004","411.04"
"1005","0","1005","63.35"
"1006","0","1006","21.99"
"1007","0","1007","459.46"
"1008","0","1008","183.35"
"1009","0","1009","361.62"
"1010","0","1010","462.15"
"1011","0","1011","313.37"
"1012","0","1012","61.13"
"1013","0","1013","45.08"
"1014","0","1014","161.67"
"1015","0","1015","60.74"
"1016","0","1016","444.70"
"1017","0","1017","312.60"
"1018","0","1018","405.01"
"1019","0","1019","267.79"
"1020","0","1020","456.42"
"1021","0","1021","450.42"
"1022","0","1022","74.08"
"1023","0","1023","176.66"
"1024","0","1024","369.14"
"1025","0","1025","364.71"
"1026","0","1026","296.92"
"1027","0","1027","163.27"
"1028","0","1028","115.33"
"1029","0","1029","258.75"
"1030","0","1030","201.45"
"1031","0","1031","491.50"
"1032","0","1032","142.23"
"1033","0","1033","412.72"
"1034","0","1034","447.42"
"1035","0","1035","394.58"
"1036","0","1036","269.04"
"1037","0","1037","221.91"
"1038","0","1038","430.45"
"1039","0","1039","269.53"
"1040","0","1040","465.33"
"1041","0","1041","228.25"
"1042","0","1042","235.54"
"1043","0","1043","242.18"
"1044","0","1044","476.96"
"1045","0","1045","351.83"
"1046","0","1046","7.30"
"1047","0","1047","67.71"
"1048","0","1048","284.17"
"1049","0","1049","367.24"
"1050","0","1050","38.56"
"1051","0","1051","162.07"
"1052","0","1052","230.50"
"1053","0","1053","386.74"
"1054","0","1054","169.11"
"1055","0","1055","375.29"
"1056","0","1056","260.32"
"1057","0","1057","42.59"
"1058","0","1058","337.17"
"1059","0","1059","339.98"
"1060","0","1060","369.54"
"1061","0","1061","481.18"
"1062","0","1062","375.60"
"1063","0","1063","500.77"
"1064","0","1064","15.29"
"1065","0","1065","206.98"
"1066","0","1066","394.42"
"1067","0","1067","114.64"
"1068","0","1068","176.33"
"1069","0","1069","277.30"
"1070","0","1070","405.42"
"1071","0","1071","136.47"
"1072","0","1072","473.73"
"1073","0","1073","383.64"
"1074","0","1074","42.78"
"1075","0","1075","350.84"
"1076","0","1076","400.63"
"1077","0","1077","31.23"
"1078","0","1078","363.92"
"1079","0","1079","413.88"
"1080","0","1080","466.32"
"1081","0","1081","368.94"
"1082","0","1082","297.76"
"1083","0","1083","381.71"
"1084","0","1084","388.68"
"1085","0","1085","165.22"
"1086","0","1086","152.65"
"1087","0","1087","472.47"
"1088","0","1088","483.57"
"1089","0","1089","123.27"
"1090","0","1090","372.76"
"1091","0","1091","331.04"
"1092","0","1092","199.98"
"1093","0","1093","441.24"
"1094","0","1094","449.50"
"1095","0","1095","176.77"
"1096","0","1096","459.18"
"1097","0","1097","80.71"
"1098","0","1098","55.64"
"1099","0","1099","114.33"
"1100","0","1100","349.68"
"1101","0","1101","82.89"
"1102","0","1102","60.11"
"1103","0","1103","209.43"
"1104","0","1104","51.51"
"1105","0","1105","256.10"
"1106","0","1106","397.67"
"1107","0","1107","88.59"
"1108","0","1108","84.85"
"1109","0","1109","123.18"
"1110","0","1110","321.51"
"1111","0","1111","216.45"
"1112","0","1112","92.06"
"1113","0","1113","74.67"
"1114","0","1114","95.13"
"1115","0","1115","39.78"
"1116","0","1116","262.69"
"1117","0","1117","121.44"
"1118","0","1118","449.92"
"1119","0","1119","369.74"
"1120","0","1120","251.34"
"1121","0","1121","48.67"
"1122","0","1122","376.82"
"1123","0","1123","319.50"
"1124","0","1124","336.61"
"1125","0","1125","121.19"
"1126","0","1126","88.32"
"1127","0","1127","175.06"
"1128","0","1128","500.27"
"1129","0","1129","149.69"
"1130","0","1130","221.01"
"1131","0","1131","96.46"
"1132","0","1132","9.95"
"1133","0","1133","232.49"
"1134","0","1134","336.35"
"1135","0","1135","228.02"
"1136","0","1136","351.68"
"1137","0","1137","488.25"
"1138","0","1138","431.51"
"1139","0","1139","234.14"
"1140","0","1140","380.73"
"1141","0","1141","95.83"
"1142","0","1142","95.57"
"1143","0","1143","37.98"
"1144","0","1144","478.62"
"1145","0","1145","387.62"
"1146","0","1146","412.39"
"1147","0","1147","307.67"
"1148","0","1148","412.62"
"1149","0","1149","458.98"
"1150","0","1150","154.23"
"1151","0","1151","401.88"
"1152","0","1152","39.06"
"1153","0","1153","454.29"
"1154","0","1154","448.91"
"1155","0","1155","14.49"
"1156","0","1156","340.66"
"1157","0","1157","95.64"
"1158","0","1158","13.03"
"1159","0","1159","460.58"
"1160","0","1160","311.65"
"1161","0","1161","59.26"
"1162","0","1162","239.54"
"1163","0","1163","85.48"
"1164","0","1164","209.24"
"1165","0","1165","303.36"
"1166","0","1166","416.53"
"1167","0","1167","63.05"
"1168","0","1168","60.03"
"1169","0","1169","312.67"
"1170","0","1170","182.92"
"1171","0","1171","361.60"
"1172","0","1172","264.87"
"1173","0","1173","61.61"
"1174","0","1174","30.27"
"1175","0","1175","463.34"
"1176","0","1176","341.94"
"1177","0","1177","212.36"
"1178","0","1178","101.20"
"1179","0","1179","406.88"
"1180","0","1180","232.60"
"1181","0","1181","451.40"
"1182","0","1182","225.77"
"1183","0","1183","178.98"
"1184","0","1184","251.20"
"1185","0","1185","298.31"
"1186","0","1186","393.45"
"1187","0","1187","7.08"
"1188","0","1188","285.00"
"1189","0","1189","248.87"
"1190","0","1190","207.10"
"1191","0","1191","485.09"
"1192","0","1192","489.51"
"1193","0","1193","10.58"
"1194","0","1194","482.76"
"1195","0","1195","171.35"
"1196","0","1196","108.57"
"1197","0","1197","386.14"
"1198","0","1198","370.18"
"1199","0","1199","444.55"
"1200","0","1200","386.79"
"1201","0","1201","344.01"
"1202","0","1202","233.03"
"1203","0","1203","393.12"
"1204","0","1204","149.72"
"1205","0","1205","377.08"
"1206","0","1206","323.49"
"1207","0","1207","313.87"
"1208","0","1208","468.27"
"1209","0","1209","150.83"
"1210","0","1210","399.11"
"1211","0","1211","160.64"
"1212","0","1212","39.64"
"1213","0","1213","374.93"
"1214","0","1214","111.37"
"1215","0","1215","58.58"
"1216","0","1216","489.20"
"1217","0","1217","431.01"
"1218","0","1218","97.86"
"1219","0","1219","171.45"
"1220","0","1220","99.95"
"1221","0","1221","372.62"
"1222","0","1222","95.39"
"1223","0","1223","352.95"
"1224","0","1224","279.46"
"1225","0","1225","253.66"
"1226","0","1226","417.94"
"1227","0","1227","481.68"
"1228","0","1228","461.42"
"1229","0","1229","412.98"
"1230","0","1230","223.06"
"1231","0","1231","254.82"
"1232","0","1232","443.25"
"1233","0","1233","184.89"
"1234","0","1234","192.47"
"1235","0","1235","150.41"
"1236","0","1236","382.84"
"1237","0","1237","474.42"
"1238","0","1238","129.06"
"1239","0","1239","196.56"
"1240","0","1240","494.61"
"1241","0","1241","402.48"
"1242","0","1242","297.99"
"1243","0","1243","454.00"
"1244","0","1244","172.78"
"1245","0","1245","241.74"
"1246","0","1246","367.98"
"1247","0","1247","336.27"
"1248","0","1248","87.89"
"1249","0","1249","414.28"
"1250","0","1250","288.82"
"1251","0","1251","211.65"
"1252","0","1252","359.78"
"1253","0","1253","221.92"
"1254","0","1254","112.73"
"1255","0","1255","424.05"
"1256","0","1256","479.05"
"1257","0","1257","467.53"
"1258","0","1258","241.86"
"1259","0","1259","479.36"
"1260","0","1260","289.61"
"1261","0","1261","10.75"
"1262","0","1262","494.37"
"1263","0","1263","244.08"
"1264","0","1264","404.50"
"1265","0","1265","89.35"
"1266","0","1266","386.84"
"1267","0","1267","17.25"
"1268","0","1268","267.04"
"1269","0","1269","302.42"
"1270","0","1270","257.28"
"1271","0","1271","85.82"
"1272","0","1272","312.26"
"1273","0","1273","164.06"
"1274","0","1274","311.05"
"1275","0","1275","91.96"
"1276","0","1276","304.85"
"1277","0","1277","481.86"
"1278","0","1278","199.55"
"1279","0","1279","439.58"
"1280","0","1280","447.87"
"1281","0","1281","225.47"
"1282","0","1282","395.70"
"1283","0","1283","184.46"
"1284","0","1284","18.08"
"1285","0","1285","181.63"
"1286","0","1286","313.16"
"1287","0","1287","198.18"
"1288","0","1288","72.17"
"1289","0","1289","276.94"
"1290","0","1290","406.15"
"1291","0","1291","145.97"
"1292","0","1292","419.44"
"1293","0","1293","290.42"
"1294","0","1294","57.81"
"1295","0","1295","63.03"
"1296","0","1296","36.00"
"1297","0","1297","87.18"
"1298","0","1298","393.55"
"1299","0","1299","64.75"
"1300","0","1300","368.07"
"1301","0","1301","260.80"
"1302","0","1302","427.02"
"1303","0","1303","278.31"
"1304","0","1304","105.87"
"1305","0","1305","245.60"
"1306","0","1306","453.38"
"1307","0","1307","275.41"
"1308","0","1308","486.85"
"1309","0","1309","325.90"
"1310","0","1310","5.77"
"1311","0","1311","77.45"
"1312","0","1312","428.00"
"1313","0","1313","372.95"
"1314","0","1314","15.15"
"1315","0","1315","72.04"
"1316","0","1316","364.01"
"1317","0","1317","445.69"
"1318","0","1318","128.29"
"1319","0","1319","432.72"
"1320","0","1320","324.03"
"1321","0","1321","11.11"
"1322","0","1322","460.78"
"1323","0","1323","309.73"
"1324","0","1324","123.13"
"1325","0","1325","399.40"
"1326","0","1326","493.52"
"1327","0","1327","279.28"
"1328","0","1328","399.35"
"1329","0","1329","51.09"
"1330","0","1330","195.82"
"1331","0","1331","402.81"
"1332","0","1332","479.71"
"1333","0","1333","2.26"
"1334","0","1334","364.41"
"1335","0","1335","217.49"
"1336","0","1336","278.92"
"1337","0","1337","408.11"
"1338","0","1338","218.73"
"1339","0","1339","436.34"
"1340","0","1340","457.90"
"1341","0","1341","421.68"
"1342","0","1342","24.28"
"1343","0","1343","283.72"
"1344","0","1344","258.59"
"1345","0","1345","232.39"
"1346","0","1346","105.88"
"1347","0","1347","444.65"
"1348","0","1348","219.75"
"1349","0","1349","467.84"
"1350","0","1350","122.24"
"1351","0","1351","488.15"
"1352","0","1352","312.72"
"1353","0","1353","487.28"
"1354","0","1354","430.72"
"1355","0","1355","108.75"
"1356","0","1356","487.82"
"1357","0","1357","348.64"
"1358","0","1358","479.56"
"1359","0","1359","375.41"
"1360","0","1360","278.33"
"1361","0","1361","175.10"
"1362","0","1362","138.58"
"1363","0","1363","187.19"
"1364","0","1364","105.34"
"1365","0","1365","69.18"
"1366","0","1366","250.16"
"1367","0","1367","314.63"
"1368","0","1368","339.40"
"1369","0","1369","353.70"
"1370","0","1370","16.02"
"1371","0","1371","88.73"
"1372","0","1372","49.58"
"1373","0","1373","473.81"
"1374","0","1374","202.56"
"1375","0","1375","260.51"
"1376","0","1376","155.94"
"1377","0","1377","10.73"
"1378","0","1378","460.07"
"1379","0","1379","406.02"
"1380","0","1380","311.21"
"1381","0","1381","118.85"
"1382","0","1382","239.03"
"1383","0","1383","55.13"
"1384","0","1384","217.34"
"1385","0","1385","337.65"
"1386","0","1386","306.18"
"1387","0","1387","44.46"
"1388","0","1388","224.91"
"1389","0","1389","143.92"
"1390","0","1390","442.04"
"1391","0","1391","490.04"
"1392","0","1392","67.57"
"1393","0","1393","70.92"
"1394","0","1394","401.94"
"1395","0","1395","269.05"
"1396","0","1396","101.56"
"1397","0","1397","355.47"
"1398","0","1398","451.45"
"1399","0","1399","38.92"
"1400","0","1400","162.86"
"1401","0","1401","390.24"
"1402","0","1402","350.34"
"1403","0","1403","492.10"
"1404","0","1404","500.01"
"1405","0","1405","461.34"
"1406","0","1406","13.71"
"1407","0","1407","372.71"
"1408","0","1408","243.66"
"1409","0","1409","358.21"
"1410","0","1410","354.84"
"1411","0","1411","14.91"
"1412","0","1412","485.02"
"1413","0","1413","359.03"
"1414","0","1414","323.37"
"1415","0","1415","200.97"
"1416","0","1416","376.66"
"1417","0","1417","163.22"
"1418","0","1418","272.82"
"1419","0","1419","29.45"
"1420","0","1420","381.45"
"1421","0","1421","41.54"
"1422","0","1422","257.26"
"1423","0","1423","475.38"
"1424","0","1424","375.39"
"1425","0","1425","221.32"
"1426","0","1426","125.54"
"1427","0","1427","109.47"
"1428","0","1428","200.48"
"1429","0","1429","440.78"
"1430","0","1430","68.61"
"1431","0","1431","276.23"
"1432","0","1432","7.89"
"1433","0","1433","92.74"
"1434","0","1434","54.62"
"1435","0","1435","322.17"
"1436","0","1436","239.74"
"1437","0","1437","58.99"
"1438","0","1438","395.80"
"1439","0","1439","364.64"
"1440","0","1440","158.27"
"1441","0","1441","136.68"
"1442","0","1442","395.63"
"1443","0","1443","152.03"
"1444","0","1444","188.15"
"1445","0","1445","462.39"
"1446","0","1446","376.00"
"1447","0","1447","185.94"
"1448","0","1448","474.06"
"1449","0","1449","77.24"
"1450","0","1450","452.41"
"1451","0","1451","485.65"
"1452","0","1452","177.36"
"1453","0","1453","276.79"
"1454","0","1454","396.87"
"1455","0","1455","63.18"
"1456","0","1456","293.39"
"1457","0","1457","492.08"
"1458","0","1458","294.83"
"1459","0","1459","153.09"
"1460","0","1460","191.27"
"1461","0","1461","391.38"
"1462","0","1462","33.51"
"1463","0","1463","477.36"
"1464","0","1464","462.65"
"1465","0","1465","168.44"
"1466","0","1466","247.49"
"1467","0","1467","197.87"
"1468","0","1468","248.55"
"1469","0","1469","215.26"
"1470","0","1470","211.71"
"1471","0","1471","410.20"
"1472","0","1472","141.73"
"1473","0","1473","343.74"
"1474","0","1474","114.28"
"1475","0","1475","285.98"
"1476","0","1476","265.53"
"1477","0","1477","17.59"
"1478","0","1478","119.68"
"1479","0","1479","62.13"
"1480","0","1480","482.35"
"1481","0","1481","188.44"
"1482","0","1482","330.73"
"1483","0","1483","56.55"
"1484","0","1484","430.65"
"1485","0","1485","425.97"
"1486","0","1486","3.86"
"1487","0","1487","20.68"
"1488","0","1488","382.63"
"1489","0","1489","407.76"
"1490","0","1490","431.90"
"1491","0","1491","458.97"
"1492","0","1492","329.95"
"1493","0","1493","87.61"
"1494","0","1494","406.61"
"1495","0","1495","272.69"
"1496","0","1496","56.50"
"1497","0","1497","48.11"
"1498","0","1498","217.68"
"1499","0","1499","332.14"
"1500","0","1500","288.70"
"1501","0","1501","286.36"
"1502","0","1502","28.84"
"1503","0","1503","317.17"
"1504","0","1504","200.05"
"1505","0","1505","324.30"
"1506","0","1506","54.38"
"1507","0","1507","310.62"
"1508","0","1508","267.99"
"1509","0","1509","479.30"
"1510","0","1510","105.68"
"1511","0","1511","82.98"
"1512","0","1512","358.31"
"1513","0","1513","452.97"
"1514","0","1514","274.40"
"1515","0","1515","294.75"
"1516","0","1516","158.82"
"1517","0","1517","95.29"
"1518","0","1518","427.05"
"1519","0","1519","38.92"
"1520","0","1520","458.48"
"1521","0","1521","439.38"
"1522","0","1522","292.03"
"1523","0","1523","79.26"
"1524","0","1524","31.49"
"1525","0","1525","142.68"
"1526","0","1526","156.61"
"1527","0","1527","354.81"
"1528","0","1528","363.02"
"1529","0","1529","266.34"
"1530","0","1530","328.98"
"1531","0","1531","318.38"
"1532","0","1532","228.01"
"1533","0","1533","367.78"
"1534","0","1534","1.89"
"1535","0","1535","135.89"
"1536","0","1536","153.95"
"1537","0","1537","96.17"
"1538","0","1538","81.69"
"1539","0","1539","380.33"
"1540","0","1540","186.95"
"1541","0","1541","95.51"
"1542","0","1542","336.75"
"1543","0","1543","30.40"
"1544","0","1544","154.90"
"1545","0","1545","124.67"
"1546","0","1546","54.09"
"1547","0","1547","225.77"
"1548","0","1548","20.04"
"1549","0","1549","108.63"
"1550","0","1550","62.62"
"1551","0","1551","431.25"
"1552","0","1552","62.25"
"1553","0","1553","274.08"
"1554","0","1554","454.35"
"1555","0","1555","380.94"
"1556","0","1556","195.57"
"1557","0","1557","447.28"
"1558","0","1558","304.65"
"1559","0","1559","412.57"
"1560","0","1560","244.13"
"1561","0","1561","214.91"
"1562","0","1562","113.49"
"1563","0","1563","386.28"
"1564","0","1564","105.29"
"1565","0","1565","380.07"
"1566","0","1566","470.17"
"1567","0","1567","72.12"
"1568","0","1568","426.35"
"1569","0","1569","244.20"
"1570","0","1570","301.43"
"1571","0","1571","24.47"
"1572","0","1572","198.84"
"1573","0","1573","395.98"
"1574","0","1574","288.35"
"1575","0","1575","185.67"
"1576","0","1576","413.77"
"1577","0","1577","78.28"
"1578","0","1578","163.83"
"1579","0","1579","149.73"
"1580","0","1580","314.44"
"1581","0","1581","22.54"
"1582","0","1582","130.75"
"1583","0","1583","463.16"
"1584","0","1584","417.74"
"1585","0","1585","372.22"
"1586","0","1586","198.60"
"1587","0","1587","93.34"
"1588","0","1588","362.32"
"1589","0","1589","361.54"
"1590","0","1590","372.29"
"1591","0","1591","460.74"
"1592","0","1592","228.05"
"1593","0","1593","168.81"
"1594","0","1594","327.88"
"1595","0","1595","472.81"
"1596","0","1596","377.80"
"1597","0","1597","107.55"
"1598","0","1598","368.00"
"1599","0","1599","287.35"
"1600","0","1600","279.85"
"1601","0","1601","437.73"
"1602","0","1602","448.61"
"1603","0","1603","98.58"
"1604","0","1604","329.35"
"1605","0","1605","244.40"
"1606","0","1606","485.98"
"1607","0","1607","267.50"
"1608","0","1608","496.66"
"1609","0","1609","39.34"
"1610","0","1610","31.17"
"1611","0","1611","41.31"
"1612","0","1612","238.62"
"1613","0","1613","394.86"
"1614","0","1614","59.59"
"1615","0","1615","488.86"
"1616","0","1616","377.91"
"1617","0","1617","386.29"
"1618","0","1618","220.29"
"1619","0","1619","225.10"
"1620","0","1620","239.27"
"1621","0","1621","432.42"
"1622","0","1622","381.92"
"1623","0","1623","497.57"
"1624","0","1624","371.93"
"1625","0","1625","8.42"
"1626","0","1626","230.10"
"1627","0","1627","320.67"
"1628","0","1628","424.32"
"1629","0","1629","58.25"
"1630","0","1630","185.85"
"1631","0","1631","228.27"
"1632","0","1632","421.49"
"1633","0","1633","228.56"
"1634","0","1634","362.58"
"1635","0","1635","462.84"
"1636","0","1636","368.67"
"1637","0","1637","64.10"
"1638","0","1638","160.66"
"1639","0","1639","404.48"
"1640","0","1640","463.21"
"1641","0","1641","84.38"
"1642","0","1642","466.68"
"1643","0","1643","85.24"
"1644","0","1644","261.84"
"1645","0","1645","301.54"
"1646","0","1646","448.73"
"1647","0","1647","58.16"
"1648","0","1648","182.77"
"1649","0","1649","282.75"
"1650","0","1650","120.72"
"1651","0","1651","347.04"
"1652","0","1652","109.66"
"1653","0","1653","167.94"
"1654","0","1654","26.16"
"1655","0","1655","486.23"
"1656","0","1656","344.73"
"1657","0","1657","417.80"
"1658","0","1658","190.09"
"1659","0","1659","485.07"
"1660","0","1660","410.93"
"1661","0","1661","43.43"
"1662","0","1662","36.77"
"1663","0","1663","192.91"
"1664","0","1664","308.91"
"1665","0","1665","124.80"
"1666","0","1666","473.90"
"1667","0","1667","407.92"
"1668","0","1668","437.68"
"1669","0","1669","236.26"
"1670","0","1670","59.17"
"1671","0","1671","91.39"
"1672","0","1672","275.45"
"1673","0","1673","213.68"
"1674","0","1674","254.15"
"1675","0","1675","314.88"
"1676","0","1676","190.57"
"1677","0","1677","239.49"
"1678","0","1678","110.13"
"1679","0","1679","71.34"
"1680","0","1680","391.82"
"1681","0","1681","234.55"
"1682","0","1682","418.81"
"1683","0","1683","86.89"
"1684","0","1684","98.28"
"1685","0","1685","451.53"
"1686","0","1686","196.69"
"1687","0","1687","161.46"
"1688","0","1688","139.73"
"1689","0","1689","500.76"
"1690","0","1690","478.94"
"1691","0","1691","340.04"
"1692","0","1692","361.42"
"1693","0","1693","387.75"
"1694","0","1694","234.08"
"1695","0","1695","311.80"
"1696","0","1696","29.57"
"1697","0","1697","412.44"
"1698","0","1698","140.86"
"1699","0","1699","380.62"
"1700","0","1700","443.33"
"1701","0","1701","118.14"
"1702","0","1702","237.05"
"1703","0","1703","322.12"
"1704","0","1704","442.71"
"1705","0","1705","160.69"
"1706","0","1706","109.01"
"1707","0","1707","177.20"
"1708","0","1708","315.18"
"1709","0","1709","72.41"
"1710","0","1710","34.43"
"1711","0","1711","493.93"
"1712","0","1712","375.48"
"1713","0","1713","347.37"
"1714","0","1714","214.43"
"1715","0","1715","116.42"
"1716","0","1716","22.13"
"1717","0","1717","461.07"
"1718","0","1718","17.64"
"1719","0","1719","250.07"
"1720","0","1720","113.83"
"1721","0","1721","455.61"
"1722","0","1722","258.01"
"1723","0","1723","424.68"
"1724","0","1724","60.59"
"1725","0","1725","69.37"
"1726","0","1726","244.70"
"1727","0","1727","232.62"
"1728","0","1728","469.35"
"1729","0","1729","458.83"
"1730","0","1730","260.15"
"1731","0","1731","133.31"
"1732","0","1732","298.66"
"1733","0","1733","447.39"
"1734","0","1734","435.22"
"1735","0","1735","388.63"
"1736","0","1736","261.45"
"1737","0","1737","268.11"
"1738","0","1738","398.57"
"1739","0","1739","272.90"
"1740","0","1740","344.57"
"1741","0","1741","431.66"
"1742","0","1742","130.34"
"1743","0","1743","296.81"
"1744","0","1744","24.00"
"1745","0","1745","58.33"
"1746","0","1746","173.33"
"1747","0","1747","245.91"
"1748","0","1748","143.84"
"1749","0","1749","277.06"
"1750","0","1750","18.20"
"1751","0","1751","111.77"
"1752","0","1752","230.25"
"1753","0","1753","64.83"
"1754","0","1754","478.13"
"1755","0","1755","19.92"
"1756","0","1756","352.52"
"1757","0","1757","367.17"
"1758","0","1758","63.94"
"1759","0","1759","117.16"
"1760","0","1760","430.01"
"1761","0","1761","47.54"
"1762","0","1762","210.70"
"1763","0","1763","101.12"
"1764","0","1764","451.66"
"1765","0","1765","441.42"
"1766","0","1766","230.86"
"1767","0","1767","330.24"
"1768","0","1768","169.39"
"1769","0","1769","287.98"
"1770","0","1770","167.61"
"1771","0","1771","481.16"
"1772","0","1772","5.45"
"1773","0","1773","364.18"
"1774","0","1774","166.84"
"1775","0","1775","280.47"
"1776","0","1776","94.63"
"1777","0","1777","280.77"
"1778","0","1778","485.70"
"1779","0","1779","482.98"
"1780","0","1780","263.09"
"1781","0","1781","240.80"
"1782","0","1782","68.48"
"1783","0","1783","270.28"
"1784","0","1784","264.06"
"1785","0","1785","179.98"
"1786","0","1786","39.22"
"1787","0","1787","207.85"
"1788","0","1788","363.02"
"1789","0","1789","402.89"
"1790","0","1790","61.67"
"1791","0","1791","83.21"
"1792","0","1792","252.24"
"1793","0","1793","277.86"
"1794","0","1794","107.81"
"1795","0","1795","368.57"
"1796","0","1796","375.78"
"1797","0","1797","66.97"
"1798","0","1798","310.18"
"1799","0","1799","19.73"
"1800","0","1800","59.75"
"1801","0","1801","293.55"
"1802","0","1802","228.84"
"1803","0","1803","480.01"
"1804","0","1804","281.22"
"1805","0","1805","255.94"
"1806","0","1806","101.90"
"1807","0","1807","130.35"
"1808","0","1808","53.46"
"1809","0","1809","203.01"
"1810","0","1810","33.68"
"1811","0","1811","177.32"
"1812","0","1812","272.26"
"1813","0","1813","376.74"
"1814","0","1814","272.93"
"1815","0","1815","71.83"
"1816","0","1816","7.77"
"1817","0","1817","264.93"
"1818","0","1818","220.72"
"1819","0","1819","452.29"
"1820","0","1820","2.63"
"1821","0","1821","3.67"
"1822","0","1822","103.35"
"1823","0","1823","192.98"
"1824","0","1824","498.98"
"1825","0","1825","181.34"
"1826","0","1826","468.24"
"1827","0","1827","152.57"
"1828","0","1828","457.09"
"1829","0","1829","479.17"
"1830","0","1830","485.60"
"1831","0","1831","310.94"
"1832","0","1832","120.24"
"1833","0","1833","406.72"
"1834","0","1834","122.40"
"1835","0","1835","281.13"
"1836","0","1836","446.28"
"1837","0","1837","422.86"
"1838","0","1838","90.48"
"1839","0","1839","206.89"
"1840","0","1840","254.50"
"1841","0","1841","496.93"
"1842","0","1842","115.50"
"1843","0","1843","114.89"
"1844","0","1844","142.07"
"1845","0","1845","56.95"
"1846","0","1846","310.05"
"1847","0","1847","292.21"
"1848","0","1848","324.63"
"1849","0","1849","94.39"
"1850","0","1850","225.89"
"1851","0","1851","361.77"
"1852","0","1852","187.21"
"1853","0","1853","232.73"
"1854","0","1854","441.32"
"1855","0","1855","338.76"
"1856","0","1856","171.59"
"1857","0","1857","487.58"
"1858","0","1858","266.86"
"1859","0","1859","490.18"
"1860","0","1860","487.71"
"1861","0","1861","350.86"
"1862","0","1862","26.42"
"1863","0","1863","154.96"
"1864","0","1864","4.37"
"1865","0","1865","245.60"
"1866","0","1866","184.47"
"1867","0","1867","159.47"
"1868","0","1868","221.33"
"1869","0","1869","142.80"
"1870","0","1870","476.90"
"1871","0","1871","395.14"
"1872","0","1872","318.42"
"1873","0","1873","291.35"
"1874","0","1874","189.35"
"1875","0","1875","108.68"
"1876","0","1876","353.46"
"1877","0","1877","96.01"
"1878","0","1878","239.12"
"1879","0","1879","457.49"
"1880","0","1880","115.79"
"1881","0","1881","237.12"
"1882","0","1882","308.27"
"1883","0","1883","484.67"
"1884","0","1884","26.89"
"1885","0","1885","266.35"
"1886","0","1886","152.49"
"1887","0","1887","22.83"
"1888","0","1888","138.28"
"1889","0","1889","425.65"
"1890","0","1890","497.57"
"1891","0","1891","388.18"
"1892","0","1892","253.45"
"1893","0","1893","114.26"
"1894","0","1894","382.28"
"1895","0","1895","318.45"
"1896","0","1896","182.50"
"1897","0","1897","151.66"
"1898","0","1898","131.48"
"1899","0","1899","78.17"
"1900","0","1900","122.37"
"1901","0","1901","439.68"
"1902","0","1902","203.58"
"1903","0","1903","164.16"
"1904","0","1904","474.16"
"1905","0","1905","449.38"
"1906","0","1906","32.47"
"1907","0","1907","35.08"
"1908","0","1908","22.60"
"1909","0","1909","418.30"
"1910","0","1910","357.61"
"1911","0","1911","390.03"
"1912","0","1912","261.03"
"1913","0","1913","471.31"
"1914","0","1914","283.85"
"1915","0","1915","32.83"
"1916","0","1916","61.02"
"1917","0","1917","4.03"
"1918","0","1918","343.42"
"1919","0","1919","225.29"
"1920","0","1920","441.38"
"1921","0","1921","23.38"
"1922","0","1922","226.52"
"1923","0","1923","306.97"
"1924","0","1924","131.99"
"1925","0","1925","377.71"
"1926","0","1926","320.97"
"1927","0","1927","177.41"
"1928","0","1928","419.69"
"1929","0","1929","84.72"
"1930","0","1930","204.33"
"1931","0","1931","312.26"
"1932","0","1932","348.14"
"1933","0","1933","265.47"
"1934","0","1934","133.74"
"1935","0","1935","58.59"
"1936","0","1936","92.70"
"1937","0","1937","150.16"
"1938","0","1938","392.04"
"1939","0","1939","201.39"
"1940","0","1940","112.35"
"1941","0","1941","433.67"
"1942","0","1942","336.72"
"1943","0","1943","390.28"
"1944","0","1944","124.14"
"1945","0","1945","90.03"
"1946","0","1946","370.79"
"1947","0","1947","198.57"
"1948","0","1948","243.59"
"1949","0","1949","461.16"
"1950","0","1950","12.37"
"1951","0","1951","54.18"
"1952","0","1952","134.24"
"1953","0","1953","6.82"
"1954","0","1954","320.06"
"1955","0","1955","225.80"
"1956","0","1956","310.76"
"1957","0","1957","477.10"
"1958","0","1958","375.11"
"1959","0","1959","319.60"
"1960","0","1960","472.13"
"1961","0","1961","376.80"
"1962","0","1962","185.92"
"1963","0","1963","76.76"
"1964","0","1964","398.49"
"1965","0","1965","351.39"
"1966","0","1966","379.84"
"1967","0","1967","262.10"
"1968","0","1968","254.30"
"1969","0","1969","7.65"
"1970","0","1970","499.37"
"1971","0","1971","45.61"
"1972","0","1972","240.94"
"1973","0","1973","76.96"
"1974","0","1974","92.18"
"1975","0","1975","118.53"
"1976","0","1976","154.41"
"1977","0","1977","385.92"
"1978","0","1978","24.44"
"1979","0","1979","488.20"
"1980","0","1980","486.60"
"1981","0","1981","427.12"
"1982","0","1982","319.83"
"1983","0","1983","128.38"
"1984","0","1984","30.84"
"1985","0","1985","379.01"
"1986","0","1986","495.82"
"1987","0","1987","107.61"
"1988","0","1988","148.40"
"1989","0","1989","111.11"
"1990","0","1990","298.02"
"1991","0","1991","32.89"
"1992","0","1992","254.69"
"1993","0","1993","425.29"
"1994","0","1994","103.26"
"1995","0","1995","460.70"
"1996","0","1996","43.97"
"1997","0","1997","373.25"
"1998","0","1998","8.06"
"1999","0","1999","55.21"
